"gene_id","M3_1_SH","M3_2_SH","M3_3_SH","LUC_1_SH","LUC_2_SH","LUC_3_SH","M3_SH","LUC_SH","log2FoldChange","pvalue","padj","gene_name","gene_chr","gene_start","gene_end","gene_strand","gene_length","gene_biotype","gene_description","tf_family","M3_1_SH_count","M3_2_SH_count","M3_3_SH_count","LUC_1_SH_count","LUC_2_SH_count","LUC_3_SH_count","M3_1_SH_fpkm","M3_2_SH_fpkm","M3_3_SH_fpkm","LUC_1_SH_fpkm","LUC_2_SH_fpkm","LUC_3_SH_fpkm"
"ENSG00000270277",684.812250118322,560.033424485704,591.067293942684,187.625223748339,128.232568319665,109.428516608903,611.97098951557,141.762102892303,2.10824308097325,1.15950536557757e-11,1.96281068284972e-07,"AC009948.3","2",178548884,178550681,"+",1798,"antisense","novel transcript, antisense to titin","-",687,295,619,267,143,127,6.93239164191492,5.57914451496255,5.86227879633324,1.9254170919414,1.30097638847221,1.11883491086489
"ENSG00000175643",1571.97804721484,2819.15130630939,1706.36066926587,468.008985080127,534.451823206438,342.071819635705,2032.49667426337,448.177542640757,2.18001543422891,3.18083408698865e-11,2.69225797122719e-07,"RMI2","16",11249619,11381662,"+",3632,"protein_coding","RecQ mediated genome instability 2 [Source:HGNC Symbol;Acc:HGNC:28349]","-",1577,1485,1787,666,596,397,7.87774454769712,13.9032360461486,8.3780745339699,2.3775608348728,2.68425323021844,1.73139692754003
"ENSG00000185088",3516.76509231068,3842.39881748835,5681.50306778509,1172.13061128176,1356.75437669688,1164.93979886013,4346.88899252804,1231.27492894626,1.82013746611829,8.05273717871603e-11,4.54389116537683e-07,"RPS27L","15",63125872,63158021,"-",9127,"protein_coding","ribosomal protein S27 like [Source:HGNC Symbol;Acc:HGNC:18476]","-",3528,2024,5950,1668,1513,1352,7.01320552459577,7.54080551461765,11.1008036817836,2.36957928483425,2.71165192785695,2.34639225615253
"ENSG00000140497",1621.81882233262,1556.70307823145,1588.91111004948,532.658874911015,647.439960327262,550.589150496764,1589.14433687118,576.895995245014,1.46235166190436,4.53073489068192e-10,1.91740700573659e-06,"SCAMP2","15",74843730,74873365,"-",5000,"protein_coding","secretory carrier membrane protein 2 [Source:HGNC Symbol;Acc:HGNC:10564]","-",1627,820,1664,758,722,639,5.90382653860531,5.57672373361369,5.66694274214641,1.96563306961308,2.36205637000494,2.02433707631609
"ENSG00000151239",2815.00697865232,2236.33686116664,2810.19555100698,8842.98058295543,7274.2838755883,6725.11474120069,2620.51313027531,7614.12639991481,-1.53832058233235,7.4835347324389e-10,2.53362551901451e-06,"TWF1","12",43793723,43806375,"-",3932,"protein_coding","twinfilin actin binding protein 1 [Source:HGNC Symbol;Acc:HGNC:9620]","-",2824,1178,2943,12584,8112,7805,13.0306843138997,10.1874869088482,12.7450710226929,41.4962115663023,33.7471807315078,31.4420876350363
"ENSG00000196449",3054.24269921767,3242.49860685282,3524.4416509571,1198.13111045288,1432.0798014441,1160.63158954482,3273.72765234253,1263.61416714727,1.37354450180091,5.18955673362867e-09,1.4641469397811e-05,"YRDC","1",37802944,37808185,"-",1826,"protein_coding","yrdC N6-threonylcarbamoyltransferase domain containing [Source:HGNC Symbol;Acc:HGNC:28905]","-",3064,1708,3691,1705,1597,1347,30.4441622683728,31.8069755864217,34.4198345961354,12.1067300517384,14.3062960336608,11.6847331356916
"ENSG00000125870",9872.46073533022,14737.4219467204,13716.771692224,4462.24783071893,4804.686021376,3135.51473968345,12775.5514580915,4134.14953059279,1.62762423887495,1.75899031148156e-08,3.93815845343381e-05,"SNRPB2","20",16729961,16742563,"+",2607,"protein_coding","small nuclear ribonucleoprotein polypeptide B2 [Source:HGNC Symbol;Acc:HGNC:11155]","-",9904,7763,14365,6350,5358,3639,68.9264071063309,101.256715840193,93.8274916401722,31.5817319314932,33.6189962419697,22.1102167473578
"ENSG00000177105",877.19764207296,1564.2967517838,882.304005820743,300.762530952394,361.382692537239,242.121363520486,1107.9327998925,301.42219567004,1.87608902436312,1.97578159544033e-08,3.93815845343381e-05,"RHOG","11",3826978,3840983,"-",1782,"protein_coding","ras homolog family member G [Source:HGNC Symbol;Acc:HGNC:672]","-",880,824,924,428,403,281,8.95964934114185,15.7237016386688,8.8293712595764,3.11414849830169,3.69930731255301,2.49775936396138
"ENSG00000162728",28.9076495683134,39.8667861498298,19.0974893034793,158.111143608151,112.988137120824,201.624195956561,29.2906416738742,157.574492228512,-2.46190983608314,2.09377517018574e-08,3.93815845343381e-05,"KCNJ9","1",160081570,160090563,"+",4170,"protein_coding","potassium voltage-gated channel subfamily J member 9 [Source:HGNC Symbol;Acc:HGNC:6270]","-",29,21,20,225,126,234,0.12617635672867,0.171245245373293,0.0816694155562051,0.69959985678414,0.494262378386415,0.888856756581522
"ENSG00000182118",1105.4683921124,2088.26022689584,1289.08052798485,477.144295599709,445.675429754362,415.311377995994,1494.26971566437,446.043701116688,1.7423400767317,2.49615367796317e-08,4.22548894605606e-05,"FAM89A","1",231018958,231040246,"-",2394,"protein_coding","family with sequence similarity 89 member A [Source:HGNC Symbol;Acc:HGNC:25057]","-",1109,1100,1350,679,497,482,8.40472369115948,15.6244170053565,9.60229688541472,3.6774677851932,3.39590323885793,3.18914942149438
"ENSG00000124120",2131.19154403635,1615.55404826215,1502.97240818382,672.499397480002,685.10267270087,615.212290226431,1749.90600016077,657.604786802435,1.41231383026655,4.50564601259743e-08,6.93377960920447e-05,"TTPAL","20",44475886,44494603,"+",7044,"protein_coding","alpha tocopherol transfer protein like [Source:HGNC Symbol;Acc:HGNC:16114]","-",2138,851,1574,957,764,714,5.5068645428743,4.10814245760555,3.80496694034921,1.76155350651139,1.77417753492076,1.60557589772146
"ENSG00000140931",2308.62470345565,2532.49012970823,1807.57736257431,780.014975133545,947.844928069136,684.14363927141,2216.23073191273,804.001180824697,1.46239843946424,6.13086889990694e-08,8.55534273243305e-05,"CMTM3","16",66603874,66613892,"+",3163,"protein_coding","CKLF like MARVEL transmembrane domain containing 3 [Source:HGNC Symbol;Acc:HGNC:19174]","-",2316,1334,1893,1110,1057,794,13.284811711989,14.3414122526481,10.1910029910169,4.55016384880282,5.46636793126381,3.97624637421777
"ENSG00000066382",331.939562284427,227.810206570456,252.086858805927,770.176948420149,856.378340876088,689.313490449783,270.61220922027,771.95625991534,-1.50808038371797,6.70848492315434e-08,8.55534273243305e-05,"MPPED2","11",30384493,30586872,"-",8197,"protein_coding","metallophosphoesterase domain containing 2 [Source:HGNC Symbol;Acc:HGNC:1180]","-",333,120,264,1096,955,800,0.737064235935767,0.497807681002897,0.548421533472704,1.73363979637954,1.90577445345581,1.54592004160161
"ENSG00000166002",337.920455298561,455.620413140912,521.361457984984,139.840522568987,158.721430717348,124.076428280961,438.300775474819,140.879460522432,1.63728265497593,7.3502358249824e-08,8.55534273243305e-05,"SMCO4","11",93478472,93543508,"-",1223,"protein_coding","single-pass membrane protein with coiled-coil domains 4 [Source:HGNC Symbol;Acc:HGNC:24810]","-",339,240,546,199,177,144,5.02908853758001,6.67298374682052,7.60206699618475,2.10974452314048,2.36739035460051,1.86503939867662
"ENSG00000113732",3698.18551373941,5171.29168914935,4649.28377093203,1850.25173831227,1809.60365642717,1383.79683207794,4506.25365794026,1681.21740893913,1.42206722270939,7.5809393304877e-08,8.55534273243305e-05,"ATP6V0E1","5",172983757,173035445,"+",1623,"protein_coding","ATPase H+ transporting V0 subunit e1 [Source:HGNC Symbol;Acc:HGNC:863]","-",3710,2724,4869,2633,2018,1606,41.4735709104519,57.0721016874941,51.0842194304063,21.0346644308775,20.3388178361861,15.6739694771253
"ENSG00000015592",313.00006773967,318.934289198638,287.417214017363,797.582879978895,711.107878863599,1116.68785452865,306.45052365189,875.126204457048,-1.5147707509196,1.17154334748767e-07,0.000123949286164196,"STMN4","8",27235323,27258420,"-",3294,"protein_coding","stathmin 4 [Source:HGNC Symbol;Acc:HGNC:16078]","-",314,168,301,1135,793,1296,1.72950608183517,1.73428700232333,1.55599575476141,4.4676126859158,3.93797230045966,6.2320852037746
"ENSG00000170035",4098.90534568637,3187.44447359829,4634.96065395442,1579.70600369388,1671.5070443906,1321.75861793746,3973.77015774636,1524.32388867398,1.38277635843468,1.32521402935893e-07,0.000131960135817577,"UBE2E3","2",180967248,181076585,"+",2973,"protein_coding","ubiquitin conjugating enzyme E2 E3 [Source:HGNC Symbol;Acc:HGNC:12479]","-",4112,1679,4854,2248,1864,1534,25.0942509700034,19.2039722312548,27.8016370798511,9.80403033743934,10.2559067472656,8.17301744671494
"ENSG00000120805",1284.89518253641,937.818683715043,1298.62927263659,3277.46832794852,3163.66783938308,2628.0076823398,1173.78104629602,3023.04794989046,-1.36334563778228,1.63701817636506e-07,0.000153952464941709,"ARL1","12",101393120,101407820,"-",4979,"protein_coding","ADP ribosylation factor like GTPase 1 [Source:HGNC Symbol;Acc:HGNC:692]","-",1289,494,1360,4664,3528,3050,4.69706782516208,3.37380599053238,4.65117081243573,12.1456193011644,11.590695983209,9.70308171120594
"ENSG00000152229",117.624229277965,142.381379106535,98.3520699129183,353.466245488444,337.170948868491,326.562266100585,119.452559432473,339.066486819173,-1.51590863388627,2.64683369461233e-07,0.000231164127166851,"PSTPIP2","18",45983536,46072272,"-",4120,"protein_coding","proline-serine-threonine phosphatase interacting protein 2 [Source:HGNC Symbol;Acc:HGNC:9581]","-",118,75,103,503,376,379,0.519637915064526,0.619012372751934,0.425701828586719,1.58297486041349,1.49284147850136,1.45711547154192
"ENSG00000145050",5615.0617247693,6350.20950815146,6689.85050300879,2858.64947643537,2622.04216620071,2902.00979479359,6218.37391197651,2794.23381247656,1.15402276704725,2.73114516974068e-07,0.000231164127166851,"MANF","3",51385047,51389397,"+",2383,"protein_coding","mesencephalic astrocyte derived neurotrophic factor [Source:HGNC Symbol;Acc:HGNC:15461]","-",5633,3345,7006,4068,2924,3368,42.887600543756,47.731750532066,50.0623921288889,22.1340124894841,20.071341048884,22.3872122140349
"ENSG00000153574",1625.80608434204,2355.93721961613,1642.38408009922,772.987813195405,703.934028887674,527.324820194084,1874.70912801913,668.082220759054,1.48728966713851,2.87946385309571e-07,0.000232112210024782,"RPIA","2",88691644,88750935,"+",1848,"protein_coding","ribose 5-phosphate isomerase A [Source:HGNC Symbol;Acc:HGNC:10297]","-",1631,1241,1720,1100,785,612,16.0128278423646,22.8352145807418,15.8486395058259,7.71780794388852,6.94849508060627,5.24567561389145
"ENSG00000006210",385.767599411631,237.302298510891,279.778218295971,967.640198881884,690.483060182814,999.504561152185,300.949372072831,885.875940072294,-1.5535955403978,4.96185602901973e-07,0.000381792267542027,"CX3CL1","16",57372458,57385048,"+",5983,"protein_coding","C-X3-C motif chemokine ligand 1 [Source:HGNC Symbol;Acc:HGNC:10647]","-",387,125,293,1377,770,1160,1.17356730693955,0.71043817921276,0.833900289325815,2.9841330745569,2.10520691000286,3.07107881371588
"ENSG00000151552",3129.00386189434,2874.20543956392,3206.46845405417,1393.48621233317,1532.51370110705,1314.0038411699,3069.89258517081,1413.33458487004,1.11938589856705,7.02581844304553e-07,0.000517100237408151,"QDPR","4",17460261,17512234,"-",3059,"protein_coding","quinoid dihydropteridine reductase [Source:HGNC Symbol;Acc:HGNC:9752]","-",3139,1514,3358,1983,1709,1525,18.6177793546043,16.8299056217382,18.692471270274,8.40516969486367,9.13872587120528,7.8966400523201
"ENSG00000125966",1304.83149258353,1222.58144192811,1033.17417131823,570.605549376972,433.121192296492,447.192126929297,1186.86236860996,483.639622867587,1.29423118657307,7.40084771228704e-07,0.000522006458639979,"MMP24","20",35226654,35277000,"+",4414,"protein_coding","matrix metallopeptidase 24 [Source:HGNC Symbol;Acc:HGNC:7172]","-",1309,644,1082,812,483,519,5.38050894875357,4.96122382834995,4.1740768330841,2.38521179989465,1.78993749852896,1.86246021622772
"ENSG00000131153",3063.21403873887,3259.5843723456,3068.01165660395,1504.51537095578,1334.33609552211,964.177244766634,3130.27002256281,1267.67623708151,1.30377484530922,8.23271471388516e-07,0.000536710291676121,"GINS2","16",85676198,85690073,"-",3264,"protein_coding","GINS complex subunit 2 [Source:HGNC Symbol;Acc:HGNC:24575]","-",3073,1717,3213,2141,1488,1119,17.0815961738024,17.8877380937177,16.7620095006021,8.50491085698951,7.45720094001071,5.43040114282642
"ENSG00000104343",815.39508092691,501.182454455003,628.307398084468,2251.50268498007,1624.87701954709,1555.26356282732,648.294977822127,1810.54775578483,-1.47960700015808,8.24342366704818e-07,0.000536710291676121,"UBE2W","8",73780097,73878910,"-",9090,"protein_coding","ubiquitin conjugating enzyme E2 W [Source:HGNC Symbol;Acc:HGNC:25616]","-",818,264,658,3204,1812,1805,1.63269649627441,0.98758691249699,1.23261519564383,4.57016492582262,3.260749036603,3.1453233469087
"ENSG00000131941",342.904532810339,195.537093972975,305.559828855669,815.853501018059,814.231972267526,718.609313793899,281.333818546327,782.898262359828,-1.46958262150299,9.06844746661652e-07,0.000553440275218353,"RHPN2","19",32978593,33064888,"-",4804,"protein_coding","rhophilin Rho GTPase binding protein 2 [Source:HGNC Symbol;Acc:HGNC:19974]","-",344,103,320,1161,908,834,1.29918645525383,0.729070470444104,1.13425965984804,3.13351999133965,3.09176099782454,2.74988813711516
"ENSG00000087086",15837.4047014263,24652.8611876995,15674.2643458306,7840.20457438285,7297.59888801005,6743.209220325,18721.5100783188,7293.6708942393,1.35982909010795,9.15425786041699e-07,0.000553440275218353,"FTL","19",48965301,48966878,"+",878,"protein_coding","ferritin light chain [Source:HGNC Symbol;Acc:HGNC:3999]","-",15888,12986,16415,11157,8138,7826,328.315022986817,502.939985587445,318.355148804146,164.761662672369,151.61641872977,141.187842971201
"ENSG00000156639",3795.87343297026,2714.7382949646,3131.03337130543,1467.97412887746,1389.93343283553,1112.37964521334,3213.88169974676,1323.42906897544,1.28034037425573,1.05671404985464e-06,0.000616829497791011,"ZFAND3","6",37819499,38154624,"+",4036,"protein_coding","zinc finger AN1-type containing 3 [Source:HGNC Symbol;Acc:HGNC:18019]","-",3808,1430,3279,2089,1550,1291,17.1183468779517,12.048144351851,13.8342546673524,6.71105087592558,6.28208206046492,5.06672181494109
"ENSG00000156298",217.305779513529,241.099135287066,247.312486480057,494.712200445059,629.505335387449,591.086318060689,235.239133760217,571.767951297732,-1.28163281224287,1.23796827724849e-06,0.000698544233242079,"TSPAN7","X",38561370,38688920,"+",3110,"protein_coding","tetraspanin 7 [Source:HGNC Symbol;Acc:HGNC:11854]","-",218,127,259,704,702,686,1.27178045069038,1.3886046470256,1.41809355117634,2.93505010012728,3.69232386756925,3.49394208785038
"ENSG00000107897",3213.73317959457,2938.75166475888,2350.9009332583,8792.38501700082,6022.44705478932,6341.684112138,2834.46192587058,7052.17206130938,-1.31517506689172,1.59386578704369e-06,0.000869717590697905,"ACBD5","10",27195214,27242130,"-",4371,"protein_coding","acyl-CoA binding domain containing 5 [Source:HGNC Symbol;Acc:HGNC:23338]","-",3224,1548,2462,12512,6716,7360,13.3822847605991,12.0427433857771,9.59119562553652,37.1149754815392,25.1334985195062,26.6715947255266
"ENSG00000219545",756.582966287928,415.753626991082,501.309094216331,1778.57468654325,1474.22617005266,1394.99817629775,557.88189583178,1549.26634429788,-1.47087797516997,1.6440786213571e-06,0.000869717590697905,"UMAD1","7",7640711,7968020,"+",3752,"protein_coding","UBAP1-MVB12-associated (UMA) domain containing 1 [Source:HGNC Symbol;Acc:HGNC:48955]","-",759,219,525,2531,1644,1619,3.67024441527226,1.98479916022251,2.3826594883585,8.74646503252919,7.16740669480086,6.83496027273872
"ENSG00000133606",6579.97913104955,7024.14803592239,6983.95183828237,3307.68512428252,3583.33806297471,2970.94114383856,6862.69300175144,3287.3214436986,1.0618307994946,1.94455038380039e-06,0.000997495421120393,"MKRN1","7",140453040,140479569,"-",5869,"protein_coding","makorin ring finger protein 1 [Source:HGNC Symbol;Acc:HGNC:7112]","-",6601,3700,7314,4707,3996,3448,20.4061776681337,21.4374387691952,21.2205362023054,10.3988026829722,11.1374158208368,9.30583018642802
"ENSG00000164048",1379.5926552602,1528.22680241014,1473.37129976343,659.147789797536,671.65170399601,739.288718507392,1460.39691914459,690.029404100313,1.08138354993742,2.3534971585371e-06,0.00116806005363184,"ZNF589","3",48241100,48299253,"+",5521,"protein_coding","zinc finger protein 589 [Source:HGNC Symbol;Acc:HGNC:16747]","zf-C2H2",1384,805,1543,938,749,858,4.5481458510205,4.9580786946062,4.75897787726359,2.20286731938006,2.21915243426346,2.46162285965069
"ENSG00000101911",1702.56087802343,2101.54915561245,1672.94006298479,816.556217211873,807.058122291601,515.261834111213,1825.68336554022,712.958724538229,1.3557179431477,2.41505800313767e-06,0.00116806005363184,"PRPS2","X",12791355,12824222,"+",2758,"protein_coding","phosphoribosyl pyrophosphate synthetase 2 [Source:HGNC Symbol;Acc:HGNC:9465]","-",1708,1107,1752,1162,900,598,11.235946039234,13.6486168244715,10.8169630701078,5.46279766343054,5.33791079941818,3.43446344064676
"ENSG00000090612",1545.06402865124,1697.1860389499,1463.82255511169,773.690529389219,755.944441213133,654.847815927294,1568.69087423761,728.160928843215,1.10650357131879,2.70008969845541e-06,0.00126964217820704,"ZNF268","12",133181409,133214831,"+",14095,"protein_coding","zinc finger protein 268 [Source:HGNC Symbol;Acc:HGNC:13061]","zf-C2H2",1550,894,1533,1101,843,760,1.99518264416524,2.15678930335556,1.85200682007362,1.01280418571492,0.978330423017026,0.854083806453206
"ENSG00000164466",6468.33579478572,6223.01547614962,5268.99729882993,3108.11372523934,2759.24204699028,2373.82333273644,5986.78285658842,2747.05970165536,1.12373101219757,3.93795070015789e-06,0.00180166566087224,"SFXN1","5",175477062,175529742,"+",7572,"protein_coding","sideroflexin 1 [Source:HGNC Symbol;Acc:HGNC:16085]","-",6489,3278,5518,4423,3077,2755,15.548310652893,14.7208750457282,12.4089946653012,7.57372588750341,6.64721851253379,5.76319047653824
"ENSG00000271141",17.9426790424014,0,11.4584935820876,119.461752948381,72.6352310062441,66.3464234557916,9.80039087482967,86.1478024701388,-3.03764197707622,4.15715468808504e-06,0.00183697423663541,"AC010680.4","2",178616581,178617123,"+",543,"lincRNA","novel transcript","-",18,0,12,170,81,77,0.601435024833555,0,0.376311008695442,4.059311139548,2.44010353339149,2.24617128622846
"ENSG00000113328",5961.95351958906,4979.55143195255,6230.55588526012,3027.30136295073,2407.72339816994,2153.24301579251,5724.02027893391,2529.42259230439,1.17830259702108,4.23215945349603e-06,0.00183697423663541,"CCNG1","5",163437569,163446151,"+",3096,"protein_coding","cyclin G1 [Source:HGNC Symbol;Acc:HGNC:1592]","-",5981,2623,6525,4308,2685,2499,35.0500700860701,28.8092943555585,35.887654154113,18.041722198132,14.1862105904305,12.7854871390261
"ENSG00000134198",171.452266405169,102.514592956705,196.704139825837,447.630215459521,442.088504766399,404.110033776185,156.89033306257,431.276251334035,-1.44679735059974,7.87245563393047e-06,0.00333162322427937,"TSPAN2","1",115048011,115089500,"-",3410,"protein_coding","tetraspanin 2 [Source:HGNC Symbol;Acc:HGNC:20659]","-",172,54,206,637,493,469,0.915145415108419,0.538486305727664,1.02867538637964,2.4220789880445,2.36491537520499,2.17856458449154
"ENSG00000170892",1941.79659858878,2771.69084660721,2259.2329846016,963.423901719,1184.58197727467,974.516947123381,2324.24014326586,1040.84094203902,1.15842947980356,9.14851532058175e-06,0.00377722115480019,"TSEN34","19",54189938,54194536,"+",3542,"protein_coding","tRNA splicing endonuclease subunit 34 [Source:HGNC Symbol;Acc:HGNC:15506]","-",1948,1460,2366,1371,1321,1131,9.97829722077986,14.0164999984093,11.3744836412894,5.01871052540925,6.10066707381726,5.05785091160377
"ENSG00000185085",913.083000157762,835.304090758338,666.502376691427,406.872676218309,265.432449109238,315.360921880776,804.963155869176,329.222015736107,1.28840950254337,9.98646533859838e-06,0.00402502107742365,"INTS5","11",62646848,62653302,"-",3285,"protein_coding","integrator complex subunit 5 [Source:HGNC Symbol;Acc:HGNC:29352]","-",916,440,698,579,296,366,5.05913350468311,4.55462457361626,3.61814156899275,2.28531693856294,1.47393863132062,1.76480890740071
"ENSG00000112096",1747.41757562943,1298.5181774516,1396.02646808434,3289.41450324335,3247.9605766002,2876.16053890172,1480.65407372179,3137.84520624842,-1.08276549100086,1.0802957247493e-05,0.00425284791361772,"SOD2","6",159669057,159745186,"-",16493,"protein_coding","superoxide dismutase 2 [Source:HGNC Symbol;Acc:HGNC:11180]","-",1753,684,1462,4681,3622,3338,1.92840521569265,1.41023576661191,1.50943084555577,3.67995265236008,3.59229382303124,3.20581641964818
"ENSG00000157570",1651.72328740329,1321.29919810864,1565.03924842013,2879.73096224979,3122.4182020215,3248.3898237446,1512.68724464402,3083.5129960053,-1.02649834677128,1.13419067034218e-05,0.00436354083353465,"TSPAN18","11",44726465,44932421,"+",5871,"protein_coding","tetraspanin 18 [Source:HGNC Symbol;Acc:HGNC:20660]","-",1657,696,1639,4098,3482,3770,5.12066622219399,4.03118232921961,4.75370667384522,9.05030306298973,9.70151927611374,10.1714119848411
"ENSG00000196814",1686.61182998574,1252.95613613751,1117.20312425354,607.1467914553,601.706666730738,602.287662280498,1352.25703012559,603.713706822179,1.16382439320861,1.27288990942239e-05,0.00478832897482273,"MVB12B","9",126326849,126507041,"+",7884,"protein_coding","multivesicular body subunit 12B [Source:HGNC Symbol;Acc:HGNC:23368]","-",1692,660,1170,864,671,699,3.89376541572226,2.84664035851016,2.52699715599422,1.42092244884742,1.39219147186956,1.40437320841655
"ENSG00000158445",139.554170329789,89.2256642400952,79.254580609439,406.169960024495,273.503030332154,254.184349603357,102.678138393108,311.285779986669,-1.59621371500921,1.31054719851803e-05,0.00482281369054635,"KCNB1","20",49293394,49484297,"-",17733,"protein_coding","potassium voltage-gated channel subfamily B member 1 [Source:HGNC Symbol;Acc:HGNC:6231]","-",140,47,83,578,305,295,0.143239191801371,0.0901261721909693,0.0797005622798121,0.422618858954126,0.281345964232572,0.263506769962603
"ENSG00000109099",3555.64089690255,3350.70845497379,3158.72473079547,1805.98061810199,1407.86805777535,993.47306811075,3355.02469422394,1402.44058132936,1.25812292829846,1.46632096689139e-05,0.00528125134628456,"PMP22","17",15229777,15265357,"-",3222,"protein_coding","peripheral myelin protein 22 [Source:HGNC Symbol;Acc:HGNC:9118]","-",3567,1765,3308,2570,1570,1153,20.0860071786786,18.6274950224602,17.4825778890735,10.3421500864473,7.97071316509025,5.66833810052089
"ENSG00000170293",42.8630666012923,26.5778574332198,65.8863380970035,127.191631080335,165.895280693273,204.209121545748,45.1090873771719,165.765344439786,-1.84985058285771,1.57416597677158e-05,0.0055515586780811,"CMTM8","3",32238679,32370325,"+",1174,"protein_coding","CKLF like MARVEL transmembrane domain containing 8 [Source:HGNC Symbol;Acc:HGNC:19179]","-",43,14,69,181,185,237,0.664532765229921,0.40550407337117,1.00079816601307,1.99900429265556,2.57766631382466,3.19765956100829
"ENSG00000257267",2021.54183877723,2976.72003252062,2084.49095747476,1115.21059958282,1098.49577756357,984.856649480127,2360.91760959087,1066.18767554217,1.14587152815726,1.6557739765072e-05,0.00572019221924775,"ZNF271P","18",35290282,35328390,"+",7450,"transcribed_unitary_pseudogene","zinc finger protein 271, pseudogene [Source:HGNC Symbol;Acc:HGNC:13065]","-",2028,1568,2183,1587,1225,1143,4.93887140258621,7.15690195965482,4.98956827814662,2.76200145337957,2.689694038982,2.43019953390815
"ENSG00000123427",455.544684576526,288.559594989244,431.603258258632,161.624724577221,146.167193259479,168.020163297135,391.902512608134,158.604027044611,1.30924385933752,1.69634205282619e-05,0.00574313565404834,"EEF1AKMT3","12",57771492,57782541,"+",3172,"protein_coding","EEF1A lysine methyltransferase 3 [Source:HGNC Symbol;Acc:HGNC:24936]","-",457,152,452,230,163,195,2.61396074764382,1.62946745822686,2.42644674049429,0.940151636039888,0.84057697615302,0.973763313089782
"ENSG00000103018",3940.41168081183,4269.54295480796,3994.23988782269,2052.63400213071,2022.12896196396,1241.62592467267,4068.06484114749,1772.12962958911,1.19866800853779,2.06659827883633e-05,0.00672757224310411,"CYB5B","16",69424525,69466266,"+",6903,"protein_coding","cytochrome b5 type B [Source:HGNC Symbol;Acc:HGNC:24374]","-",3953,2249,4183,2921,2255,1441,10.3897472167472,11.0786505662942,10.3184745703506,5.48651956640378,5.34357288388519,3.30657275518489
"ENSG00000214114",1087.52571307,1123.86368574758,1063.7301542038,611.363088618184,450.159085989315,379.122419747381,1091.70651767379,480.21486478496,1.18380067866913,2.13603179566884e-05,0.00682240495039287,"MYCBP","1",38862964,38874105,"-",3039,"protein_coding","MYC binding protein [Source:HGNC Symbol;Acc:HGNC:7554]","-",1091,592,1114,870,502,440,6.51343510962526,6.62409098447681,6.24194586437124,3.71186182651776,2.70206680134813,2.29336907520717
"ENSG00000135446",13935.4807229318,17539.487487537,11699.1219473114,7545.06377298097,6228.69524159718,6228.80902807685,14391.3633859267,6667.522680885,1.10980766349843,2.28123461431813e-05,0.00715124806503284,"CDK4","12",57747727,57756013,"-",3168,"protein_coding","cyclin dependent kinase 4 [Source:HGNC Symbol;Acc:HGNC:1773]","-",13980,9239,12252,10737,6946,7229,80.064139211823,99.1688042291375,65.8547828768243,43.9441460041453,35.865151572106,36.1447335361859
"ENSG00000113494",6.97770851648945,0,3.81949786069586,66.0553222185164,34.0757873856454,28.4341814810535,3.5990687923951,42.8550970284051,-3.43235261153458,2.37733408133737e-05,0.00731700205979619,"PRLR","5",35048756,35230589,"-",13108,"protein_coding","prolactin receptor [Source:HGNC Symbol;Acc:HGNC:9446]","-",7,0,4,94,38,33,0.00968897081253324,0,0.00519623837151931,0.0929810978409274,0.0474209476335252,0.0398776431543023
"ENSG00000149403",26.9140185636022,0,12.4133680472615,84.3259432576805,91.4665871930481,114.598367787276,13.1091288702879,96.796966079335,-2.80552123051812,2.5204640575061e-05,0.00761900277954701,"GRIK4","11",120511700,120988904,"+",7518,"protein_coding","glutamate ionotropic receptor kainate type subunit 4 [Source:HGNC Symbol;Acc:HGNC:4582]","-",27,0,13,120,102,133,0.0651594609905468,0,0.029444659598975,0.206957978383603,0.221932504869665,0.280221397857494
"ENSG00000156671",1725.48763457761,1009.95858246235,1272.84766207689,4326.62360531283,2869.53999037014,2788.27306886937,1336.09795970562,3328.14555485078,-1.3157116622191,2.93040078784484e-05,0.00870277623449781,"SAMD8","10",75099586,75182123,"+",7348,"protein_coding","sterile alpha motif domain containing 8 [Source:HGNC Symbol;Acc:HGNC:26320]","-",1731,532,1333,6157,3200,3236,4.27409292926933,2.46194171492034,3.08906117314152,10.8643376561889,7.12367167957193,6.97575695701944
"ENSG00000163995",113.636967268542,93.0225010162694,107.900814564658,224.869182020481,243.014167934471,308.467786976278,104.85342761649,258.78371231041,-1.29677515174586,3.06552844600174e-05,0.00889685503744522,"ABLIM2","4",7965310,8158832,"-",6049,"protein_coding","actin binding LIM protein family member 2 [Source:HGNC Symbol;Acc:HGNC:19195]","-",114,49,113,320,271,358,0.341930079418515,0.27545317200895,0.318097580626876,0.685913961090175,0.732839333200995,0.937457132584104
"ENSG00000136238",21840.227656612,19062.0190347829,20569.9057287775,11241.3509524426,10550.9398520922,7667.75093939077,20490.7174733908,9820.01391464187,1.06118326200185,3.1008651182022e-05,0.00889685503744522,"RAC1","7",6374523,6403977,"+",3114,"protein_coding","Rac family small GTPase 1 [Source:HGNC Symbol;Acc:HGNC:9801]","-",21910,10041,21542,15997,11766,8899,127.655581906052,109.646214204174,117.796644719526,66.6075079575101,61.8063789513673,45.2662558864778
"ENSG00000185896",7439.23409408011,5921.16695244376,5928.81555426514,3604.93407426584,3013.01698988864,2951.9850228512,6429.73886692967,3189.97869566856,1.01125217095701,3.26720081467331e-05,0.00921786256513163,"LAMP1","13",113297241,113323672,"+",5739,"protein_coding","lysosomal associated membrane protein 1 [Source:HGNC Symbol;Acc:HGNC:6499]","-",7463,3119,6209,5130,3360,3426,23.593548116694,18.4805304369558,18.4226008272866,11.590025437116,9.57692567983434,9.45590519832171
"ENSG00000104213",73.7643471743171,43.663622926004,49.6534721890461,168.651886515361,157.824699470358,152.510609762014,55.6938140964557,159.662398582578,-1.50513696747032,3.43959548453061e-05,0.00954515940362854,"PDGFRL","8",17576433,17644071,"+",2409,"protein_coding","platelet derived growth factor receptor like [Source:HGNC Symbol;Acc:HGNC:8805]","-",74,23,52,240,176,177,0.55732812526779,0.324658156590415,0.367563222690069,1.29174768077038,1.19508537674645,1.16382703654965
"ENSG00000130520",7753.23097732214,14549.4785262998,8123.11707523491,4241.59494586133,4509.66144111607,3424.1647638093,10141.9421929523,4058.4737169289,1.32106085308486,3.57450697918565e-05,0.00975955711994432,"LSM4","19",18306230,18323274,"-",3029,"protein_coding","LSM4 homolog, U6 small nuclear RNA and mRNA degradation associated [Source:HGNC Symbol;Acc:HGNC:17259]","-",7778,7664,8507,6036,5029,3974,46.5891412892663,86.038237473559,47.8236441833902,25.8376616371221,27.1584779375429,20.7816757811684
"ENSG00000136205",4044.08049305681,2325.56252540674,2283.10484623095,8285.02392506711,5996.44184862659,6781.9831041628,2884.2492882315,7021.14962595217,-1.28315692126092,4.37943902872232e-05,0.0117674831552717,"TNS3","7",47275154,47582558,"-",11797,"protein_coding","tensin 3 [Source:HGNC Symbol;Acc:HGNC:21616]","-",4057,1225,2391,11790,6687,7871,6.23949539615583,3.53101686335962,3.45122682767092,12.9582237438492,9.27220037526739,10.568425945062
"ENSG00000130600",23.9235720565353,360.699493736555,214.846754664142,18.2706210391641,22.4182811747667,40.4971675639247,199.823273485744,27.0620232592852,2.88162191178538,5.04912298337692e-05,0.0131494698250161,"H19","11",1995176,2001470,"-",2897,"processed_transcript","H19, imprinted maternally expressed transcript [Source:HGNC Symbol;Acc:HGNC:4713]","-",24,190,225,26,25,47,0.150306854670174,2.23018242038989,1.32251172153278,0.11636653468728,0.141160951796833,0.25698119145124
"ENSG00000113368",10627.0500706134,6970.99232105595,8515.57048042141,3700.50347662455,3829.93915589714,1479.43907887785,8704.53762403026,3003.29390379984,1.53527369495667,5.42133240313918e-05,0.0139048962000515,"LMNB1","5",126776623,126837020,"+",3633,"protein_coding","lamin B1 [Source:HGNC Symbol;Acc:HGNC:6637]","-",10661,3672,8918,5266,4271,1717,53.2412919880194,34.369447996733,41.7991622057403,18.7939776335339,19.2303521892103,7.48612152476994
"ENSG00000081059",1380.58947076256,1606.06195632171,1511.56627837039,590.281602803764,885.073740779789,650.539606611983,1499.40590181822,708.631650065178,1.08134922621535,5.69133963507646e-05,0.0143795518421753,"TCF7","5",134114711,134151865,"+",10063,"protein_coding","transcription factor 7 [Source:HGNC Symbol;Acc:HGNC:11639]","HMG",1385,846,1583,840,987,755,2.49711383617211,2.85876313289519,2.67866836789338,1.0823184508015,1.6044003368769,1.18842411167909
"ENSG00000011677",236.245274058286,174.654491704016,153.734788893008,528.442577748131,398.148673663856,401.525108186999,188.211518218437,442.705453199662,-1.23257767280897,6.70968191292255e-05,0.0161776663843205,"GABRA3","X",152166234,152451358,"-",4193,"protein_coding","gamma-aminobutyric acid type A receptor alpha3 subunit [Source:HGNC Symbol;Acc:HGNC:4077]","-",237,92,161,752,444,466,1.02550911281839,0.746102074148638,0.653832524707482,2.32539228332721,1.73213274644225,1.76040676924335
"ENSG00000269416",1400.52578080967,1294.72134067542,955.829339639138,616.984818168696,581.081848049953,389.462122104127,1217.02548704141,529.176262774259,1.20081837028684,6.78529249342365e-05,0.0161776663843205,"LINC01224","19",23399233,23416075,"-",3296,"lincRNA","long intergenic non-protein coding RNA 1224 [Source:HGNC Symbol;Acc:HGNC:49676]","-",1405,682,1001,878,648,452,7.73401769772943,7.03610730361364,5.17145061183624,3.45390638032565,3.21596169570772,2.17221699583426
"ENSG00000184564",97.6879192308523,96.8193377924437,88.8033252611787,322.546732960628,239.427242946508,175.774940064695,94.4368607614916,245.916305323944,-1.38328757326752,7.42308948828167e-05,0.0172134327202236,"SLITRK6","13",85792787,85806683,"-",4474,"protein_coding","SLIT and NTRK like family member 6 [Source:HGNC Symbol;Acc:HGNC:23503]","-",98,51,93,459,267,204,0.397416721446044,0.387622946692404,0.353958605798524,1.33020922255059,0.976198972319167,0.722247692927388
"ENSG00000272599",121.611491287388,318.934289198638,180.471273917879,61.1363088618184,75.3254247472161,57.7300048251693,207.005684801302,64.7305794780679,1.66887607666162,7.86256782718327e-05,0.0179861551592646,"AC016394.1","10",73124573,73125532,"-",960,"antisense","novel transcript to NUDT13","-",122,168,189,87,84,67,2.30570976013447,5.95077227672192,3.35240190012041,1.17503625945703,1.43130147074399,1.10549185016609
"ENSG00000008282",3653.32881613341,1997.13614426766,2837.88691049702,1496.78549282383,1088.63173384667,921.095151613522,2829.4506236327,1168.83745942801,1.27578846517673,8.02317622203736e-05,0.0181088436115531,"SYPL1","7",106090503,106112576,"-",2804,"protein_coding","synaptophysin like 1 [Source:HGNC Symbol;Acc:HGNC:11507]","-",3665,1052,2972,2130,1214,1069,23.7143928464522,12.7577184330782,18.0483000650461,9.84928814066002,7.08212751368741,6.0388142542341
"ENSG00000206053",8763.00508120839,8821.9502494409,5692.96156136717,4262.67643167575,2972.66408377406,2129.97868548983,7759.30563067216,3121.77306697988,1.31334205436253,8.20421699739352e-05,0.0182738138594576,"JPT2","16",1678256,1702280,"+",4768,"protein_coding","Jupiter microtubule associated homolog 2 [Source:HGNC Symbol;Acc:HGNC:14137]","-",8791,4647,5962,6066,3315,2472,33.4516907822788,33.1414654481385,21.2922340774666,16.4956490392648,11.3728772183997,8.21228845119879
"ENSG00000154175",36.8821735871585,17.0857654927842,15.2779914427834,108.218293847357,83.3960059701321,79.271051401725,23.0819768409087,90.2951170730713,-1.94844449906365,8.34195045665312e-05,0.0183392905623668,"ABI3BP","3",100749156,100993515,"-",10978,"protein_coding","ABI family member 3 binding protein [Source:HGNC Symbol;Acc:HGNC:17265]","-",37,9,16,154,93,92,0.0611497291751734,0.0278775475577114,0.0248177418742485,0.181886616072403,0.138574329728747,0.132744512371649
"ENSG00000272871",242.226167072419,159.467144599319,225.350373781056,70.9743355752144,97.7437059219828,82.7176188539739,209.014561817598,83.8118867837237,1.32647993720417,8.84479548003068e-05,0.0191954740879435,"AL159169.2","9",14588797,14590065,"-",1269,"lincRNA","novel transcript","-",243,84,236,101,109,96,3.47424700515554,2.25088313067496,3.16676537577512,1.03196032460126,1.40503758019674,1.19828903839323
"ENSG00000137962",357.856765345673,241.099135287066,255.906356666622,751.203611187171,698.55364140573,508.368699206715,284.954085766454,652.708650599872,-1.19272987234142,9.51099714011794e-05,0.0203800202010021,"ARHGAP29","1",94148988,94275068,"-",15524,"protein_coding","Rho GTPase activating protein 29 [Source:HGNC Symbol;Acc:HGNC:30207]","-",359,127,268,1069,779,590,0.419572344742115,0.278186063659471,0.293965704873076,0.892847567803934,0.820836931357581,0.602005353226853
"ENSG00000149575",17.9426790424014,0,5.72924679104378,67.4607546061444,41.2496373615707,80.1326932647873,7.89064194448174,62.9476950775008,-2.90087786400095,9.93982836211561e-05,0.0210326768142366,"SCN2B","11",118161951,118176673,"-",5826,"protein_coding","sodium voltage-gated channel beta subunit 2 [Source:HGNC Symbol;Acc:HGNC:10589]","-",18,0,6,96,46,93,0.0560554786276383,0,0.0175366355751481,0.213650543287048,0.129154759755232,0.252850865094786
"ENSG00000133056",637.961921507607,449.92515797665,556.691813196421,1224.83432581781,1077.87095888278,1027.93874263324,548.192964226893,1110.21467577794,-1.015446087594,0.000105546933509932,0.0213210695735016,"PIK3C2B","1",204422628,204494724,"-",9414,"protein_coding","phosphatidylinositol-4-phosphate 3-kinase catalytic subunit type 2 beta [Source:HGNC Symbol;Acc:HGNC:8972]","-",640,237,583,1743,1202,1193,1.23345076971743,0.856070308405776,1.05453225437033,2.40063670422903,2.08859069208083,2.00732745792742
"ENSG00000053108",76.754793681384,32.2731125974812,70.6607104228733,190.436088523595,167.688743187255,169.743447023259,59.8962055672462,175.95609291137,-1.52873722939616,0.000106136724659028,0.0213210695735016,"FSTL4","5",133196455,133612564,"-",6734,"protein_coding","follistatin like 4 [Source:HGNC Symbol;Acc:HGNC:21389]","-",77,17,74,271,187,197,0.207459656002011,0.0858442264875664,0.187121682895261,0.521794416497411,0.454246467867328,0.463388327230964
"ENSG00000259330",1208.14038885503,989.075980193395,1051.31678615653,641.579884952186,489.615260856905,468.733173505852,1082.84438506832,533.309439771648,1.02182834389934,0.000107058773260139,0.0213210695735016,"INAFM2","15",40323664,40326715,"+",3052,"protein_coding","InaF motif containing 2 [Source:HGNC Symbol;Acc:HGNC:35165]","-",1212,521,1101,913,546,544,7.20500241741955,5.8048162444713,6.14282717266026,3.87872953363499,2.92638308566268,2.82336057506084
"ENSG00000162188",93.7006572214298,134.787705554186,98.3520699129183,230.490911570993,229.563199229611,480.796159588724,108.946810896178,313.616756796443,-1.53291637526681,0.000113800185187069,0.0221426383315712,"GNG3","11",62707658,62709201,"+",882,"protein_coding","G protein subunit gamma 3 [Source:HGNC Symbol;Acc:HGNC:4405]","-",94,71,103,328,256,558,1.93363860780766,2.73731669353584,1.9885391539425,4.82179239161035,4.74782217700631,10.0211506125321
"ENSG00000105011",1827.16281581788,1970.55828683444,1560.26487609426,933.207105384998,1011.51284660547,713.439462615525,1785.99532624886,886.053138201999,1.01069283216054,0.000121467519719427,0.0231033952113535,"ASF1B","19",14119509,14136956,"-",2304,"protein_coding","anti-silencing function 1B histone chaperone [Source:HGNC Symbol;Acc:HGNC:20996]","-",1833,1038,1634,1328,1128,828,14.4343100762517,15.3196964862038,12.0763331234496,7.47341069233206,8.0084725148771,5.69245803443735
"ENSG00000165061",10.964970525912,0,6.68412125621775,48.4874173731663,65.4613810303187,28.4341814810535,5.88303059404325,47.4609932948462,-2.89440565311621,0.000128836254998024,0.0239663749956764,"ZMAT4","8",40530590,40897833,"-",3691,"protein_coding","zinc finger matrin-type 4 [Source:HGNC Symbol;Acc:HGNC:25844]","-",11,0,7,69,73,33,0.0540710346989799,0,0.0322938260645574,0.242386425590777,0.323520555371944,0.141619113103927
"ENSG00000187634",1691.59590749751,3388.67682273553,2114.09206589516,731.527557760379,1059.93633394297,1142.53711042052,2398.1215987094,978.000334041288,1.29333694638744,0.000135399607768682,0.0249084391913456,"SAMD11","1",923928,944581,"+",4166,"protein_coding","sterile alpha motif domain containing 11 [Source:HGNC Symbol;Acc:HGNC:28706]","-",1697,1785,2214,1041,1182,1326,7.39058160996961,14.569821704888,9.04948486309166,3.23992317736624,4.64110373340484,5.04169110850249
"ENSG00000091317",4132.79707276647,2306.57834152586,3039.36542264873,1569.16526078667,1163.0604273469,537.664522550831,3159.58027898035,1089.96340356147,1.53551244544553,0.000136843386389127,0.0249084391913456,"CMTM6","3",32481312,32503408,"-",4413,"protein_coding","CKLF like MARVEL transmembrane domain containing 6 [Source:HGNC Symbol;Acc:HGNC:19177]","-",4146,1215,3183,2233,1297,624,17.0455653729793,9.3621939286098,12.2819752584775,6.56081881554978,4.80760870818027,2.23976594905654
"ENSG00000148053",425.640219505856,246.794390451327,133.682425124355,1354.13410547959,854.584878382106,525.601536467959,268.705678360513,911.440173443217,-1.76180614436895,0.000139684583052172,0.0251551129990125,"NTRK2","9",84668551,85027070,"+",20363,"protein_coding","neurotrophic receptor tyrosine kinase 2 [Source:HGNC Symbol;Acc:HGNC:8032]","-",427,130,140,1927,953,610,0.380453999609676,0.217088527784665,0.117071661350765,1.22699615602941,0.765551133565234,0.47450418739964
"ENSG00000174469",396.732569937543,178.45132848019,339.935309601931,1073.04762795398,694.966716417767,646.231397296672,305.039736006555,804.748580556141,-1.39404257402339,0.000166610542303501,0.028077885785919,"CNTNAP2","7",146116002,148420998,"+",16666,"protein_coding","contactin associated protein like 2 [Source:HGNC Symbol;Acc:HGNC:13830]","-",398,94,356,1527,775,750,0.433279094353371,0.191792561077938,0.363734191712161,1.1879848666107,0.760664922477992,0.712823258112045
"ENSG00000168405",299.044650706691,142.381379106535,217.711378059664,668.985816510932,483.33814212797,485.104368904035,219.712469290963,545.809442514312,-1.30558584506322,0.000168042236286831,0.028077885785919,"CMAHP","6",25061626,25452263,"-",8477,"transcribed_unitary_pseudogene","cytidine monophospho-N-acetylneuraminic acid hydroxylase, pseudogene [Source:HGNC Symbol;Acc:HGNC:2098]","-",300,75,228,952,539,563,0.642088825615628,0.300853011175884,0.457992294055784,1.45612283981804,1.04008694818721,1.05200592855782
"ENSG00000165410",4713.9405106398,3950.60866560932,4674.11050702655,2680.15956320661,2081.31322426534,1499.25684172828,4446.21989442522,2086.90987640008,1.09122143476123,0.000169307713302246,0.028077885785919,"CFL2","14",34706769,34714823,"-",7179,"protein_coding","cofilin 2 [Source:HGNC Symbol;Acc:HGNC:1875]","-",4729,2081,4895,3814,2321,1740,11.9514720729734,9.85696942101631,11.6105889451567,6.88842579142284,5.28852122435963,3.83916935697077
"ENSG00000133805",118.621044780321,222.114951406194,156.59941228853,359.087975038956,370.350005007146,422.204512900492,165.778469491682,383.880830982198,-1.22243055375653,0.000170019444955375,0.028077885785919,"AMPD3","11",10308313,10507579,"+",6793,"protein_coding","adenosine monophosphate deaminase 3 [Source:HGNC Symbol;Acc:HGNC:470]","-",119,117,164,511,413,490,0.317834756364148,0.585678834410603,0.411100249599423,0.975354594975625,0.994515374931789,1.14257953494297
"ENSG00000165434",871.216749058826,370.191585676991,606.345285385467,2032.95794870391,1285.01587693763,1436.35698572474,615.917873373761,1584.77693712209,-1.36071865750623,0.000170606576516315,0.028077885785919,"PGM2L1","11",74330318,74398473,"-",8820,"protein_coding","phosphoglucomutase 2 like 1 [Source:HGNC Symbol;Acc:HGNC:20898]","-",874,195,635,2893,1433,1667,1.79787249279137,0.75179824681618,1.22594404150824,4.25287969174657,2.6576676483008,2.99377384786578
"ENSG00000261150",50.8375906201374,32.2731125974812,37.2401041417846,126.488914886521,92.3633184400388,125.799712007085,40.1169357864678,114.883981777882,-1.50386290213973,0.000171047475979044,0.028077885785919,"EPPK1","8",143857324,143878464,"-",16002,"protein_coding","epiplakin 1 [Source:HGNC Symbol;Acc:HGNC:15577]","-",51,17,39,180,103,146,0.0578245085430837,0.0361251731763075,0.0415007406946183,0.145848339097106,0.105289732702434,0.14452086933096
"ENSG00000186231",27.9108340659578,17.0857654927842,25.781610559697,75.8933489319125,75.3254247472161,77.5477676756006,23.5927367061463,76.2555137849097,-1.66426104987444,0.000175721127515572,0.028077885785919,"KLHL32","6",96924620,97140754,"+",4124,"protein_coding","kelch like family member 32 [Source:HGNC Symbol;Acc:HGNC:21221]","-",28,9,27,108,84,90,0.123184315626271,0.0742094367334035,0.111483505061507,0.339553606532283,0.333183659533034,0.345681253725374
"ENSG00000205670",174.442712912236,389.175769557862,32.4657318159148,42.1629716288403,18.831356186804,39.6355257008625,198.694738095338,33.5432845055023,2.55741798285906,0.00017586037604518,0.028077885785919,"SMIM11A","21",34375480,34407866,"+",4200,"protein_coding","small integral membrane protein 11A [Source:HGNC Symbol;Acc:HGNC:1293]","-",175,205,34,60,21,46,0.755970413158844,1.65973920643264,0.137846306399509,0.185227390653325,0.0817886554710853,0.173484435335234
"ENSG00000117242",885.172166091805,658.751180666235,671.276749017297,375.953163690492,396.355211169875,270.55554500154,738.400031925112,347.621306620636,1.08770103489129,0.000176925219404647,0.028077885785919,"PINK1-AS","1",20642657,20652193,"-",4443,"antisense","PINK1 antisense RNA [Source:HGNC Symbol;Acc:HGNC:38872]","-",888,347,703,535,442,314,3.62620784272817,2.65575766698499,2.69429111408025,1.56127971640041,1.62730523152013,1.1194515716961
"ENSG00000137575",9727.92248748865,7979.05248513021,10265.8553750853,5507.88952711417,4311.48383553113,2843.41814810535,9324.27678256805,4220.93050358355,1.14345203401885,0.000193115284692071,0.0297744574704051,"SDCBP","8",58552924,58582860,"+",4778,"protein_coding","syndecan binding protein [Source:HGNC Symbol;Acc:HGNC:10662]","-",9759,4203,10751,7838,4808,3300,37.0574228313964,29.9122117790615,38.3149464975791,21.2697488815096,16.4604376519455,10.9400616673628
"ENSG00000169981",1055.62761699462,778.351539115724,764.854446604345,507.361091933711,351.518648820342,285.203456673598,866.277867571563,381.361065809217,1.18337595812403,0.000193477689138974,0.0297744574704051,"ZNF35","3",44648727,44660791,"+",2663,"protein_coding","zinc finger protein 35 [Source:HGNC Symbol;Acc:HGNC:13099]","zf-C2H2",1059,410,801,722,392,331,7.21507473557836,5.2353771438356,5.12185001423901,3.51535573549344,2.40789732967821,1.96883265035382
"ENSG00000262358",15.9490480376902,149.975052658883,19.0974893034793,3.51358096907002,8.07058122291601,7.75477676756006,61.6738633333509,6.44631298651536,3.2474467953592,0.00020289926184354,0.0306200239787641,"AC116914.1","17",3729361,3730493,"+",398,"antisense","Novel protein, antisense to ITGAE","-",16,79,20,5,9,9,0.729378489077879,6.74961966778222,0.855682067510993,0.162888408865989,0.369898441829029,0.358188314161668
"ENSG00000144840",1072.57348053466,736.586334577807,935.776975870485,485.576889925477,451.952548483296,278.3103217691,914.978930327652,405.279920059291,1.17565179602741,0.000205493462002354,0.0306200239787641,"RABL3","3",120686681,120742993,"-",4684,"protein_coding","RAB, member of RAS oncogene family like 3 [Source:HGNC Symbol;Acc:HGNC:18072]","-",1076,388,980,691,504,323,4.16784371251366,2.81676179500806,3.56266261327912,1.91277730271164,1.76009745334872,1.09228912939413
"ENSG00000125814",1397.5353343026,746.078426518243,1318.68163640524,3014.65247146208,2626.52582243567,2172.19913677988,1154.09846574203,2604.45914355921,-1.17242476694667,0.000209185468520674,0.0306200239787641,"NAPB","20",23374519,23421519,"-",5234,"protein_coding","NSF attachment protein beta [Source:HGNC Symbol;Acc:HGNC:15751]","-",1402,393,1381,4290,2929,2521,4.85993359991761,2.55325454964978,4.49288670445746,10.627394996789,9.15395383549135,7.6294126124193
"ENSG00000130813",320.974591758515,398.667861498298,431.603258258632,105.407429072101,216.112230524751,148.202400446703,383.748570505148,156.574020014518,1.29515693537893,0.000210922223327161,0.0306200239787641,"C19orf66","19",10086122,10093252,"+",4341,"protein_coding","chromosome 19 open reading frame 66 [Source:HGNC Symbol;Acc:HGNC:25649]","-",322,210,452,150,241,172,1.34580496496004,1.64499579176833,1.77302212873713,0.448027551683923,0.908134806198182,0.627611129904814
"ENSG00000180287",473.487363618927,364.496330512729,505.128592077027,1070.93947937254,766.705216177021,897.830821310842,447.704095402894,911.825172286802,-1.02331554097257,0.000238579212751371,0.0335766561825185,"PLD5","1",242082986,242524696,"-",9545,"protein_coding","phospholipase D family member 5 [Source:HGNC Symbol;Acc:HGNC:26879]","-",475,192,529,1524,855,1042,0.902887659508729,0.684007050590801,0.943724535662125,2.07019989888912,1.46525511634946,1.72919416676411
"ENSG00000029153",682.818619113611,430.940974095779,450.700747562111,1727.27640439482,882.383547038817,1149.43024532501,521.486780257167,1253.03006558622,-1.26344103550895,0.000239611559040357,0.0335766561825185,"ARNTL2","12",27332854,27425289,"+",6983,"protein_coding","aryl hydrocarbon receptor nuclear translocator like 2 [Source:HGNC Symbol;Acc:HGNC:18984]","bHLH",685,227,472,2458,984,1334,1.77977281860682,1.10539907679129,1.15097386849739,4.56397319716612,2.30502755215661,3.02597797849512
"ENSG00000255455",308.015990227891,203.130767525323,184.290771778575,675.310262255258,507.549885796718,435.129140846425,231.81250984393,539.329762966134,-1.21612558524989,0.000240003272571169,0.0335766561825185,"AP003486.1","11",130866254,130870247,"-",3994,"lincRNA","uncharacterized LOC103611081 [Source:NCBI gene;Acc:103611081]","-",309,107,193,961,566,505,1.40367465798347,0.910984524800409,0.822838787353398,3.11974125419358,2.31809609397267,2.0027894414776
"ENSG00000104823",2065.40172088088,4867.54474705541,2792.05293616867,1117.31874816427,1475.12290129965,1394.99817629775,3241.66646803498,1329.14660858722,1.28558647577201,0.000247136468585933,0.0342911978706777,"ECH1","19",38815422,38832005,"-",2467,"protein_coding","enoyl-CoA hydratase 1 [Source:HGNC Symbol;Acc:HGNC:3149]","-",2072,2564,2924,1590,1645,1619,15.2383042989716,35.3414328971336,20.1824425907996,8.35663096056548,10.9073642683369,10.3951240143152
"ENSG00000271781",50.8375906201374,140.482960718448,64.9314636318296,14.7570400700941,26.90193740972,23.2643303026802,85.4173383234716,21.6411025941648,1.9699738058217,0.000252541690609403,0.0347563068181787,"AC026740.1","5",675826,676616,"+",791,"antisense","novel transcript, antisense to TPPP","-",51,74,68,21,30,27,1.16979492503973,3.18119666590155,1.46385458123372,0.344227894134497,0.62039435249875,0.540678694195995
"ENSG00000105355",1261.96842598223,1461.78215882709,1062.77527973862,721.689531046983,456.43620471825,641.061546118298,1262.17528818265,606.395760627844,1.05612586317426,0.000259447153610038,0.0354187210992801,"PLIN3","19",4838341,4867768,"-",2813,"protein_coding","perilipin 3 [Source:HGNC Symbol;Acc:HGNC:16893]","-",1266,770,1113,1027,509,744,8.16544793224967,9.30799787329415,6.73737838915063,4.73373519874422,2.95985962565108,4.18943232148517
"ENSG00000147394",540.274002276755,383.480514393601,350.438928718845,1053.37157452719,728.145772556422,940.051272600891,424.731148463067,907.189539894835,-1.09376671605465,0.000262333056946456,0.0355261919039168,"ZNF185","X",152914442,152973480,"+",4812,"protein_coding","zinc finger protein 185 with LIM domain [Source:HGNC Symbol;Acc:HGNC:12976]","-",542,202,367,1499,812,1091,2.04357089242939,1.4274504214438,1.29869136401767,4.03905031198116,2.76028213809315,3.59129522025149
"ENSG00000174514",57.8152991366269,49.3588780902654,56.3375934452639,133.516076824661,114.781599614805,155.095535351201,54.5039235573854,134.464403930222,-1.29579733332441,0.000266526539075517,0.0358076289957965,"MFSD4A","1",205568885,205602918,"+",5790,"protein_coding","major facilitator superfamily domain containing 4A [Source:HGNC Symbol;Acc:HGNC:25433]","-",58,26,59,190,128,180,0.181746254769795,0.152696845985463,0.173515771237419,0.425479152968777,0.361621689129496,0.492431602888926
"ENSG00000187243",250.200691091265,474.604597021783,177.606650522357,84.3259432576805,90.5698559460574,133.554488774645,300.803979545135,102.816762659461,1.54289693511443,0.000275002439298621,0.0366554432476146,"MAGED4B","X",52061827,52069248,"-",4947,"protein_coding","MAGE family member D4B [Source:HGNC Symbol;Acc:HGNC:22880]","-",251,250,186,120,101,155,0.920550994313498,1.71843607286434,0.640230767067959,0.314515884675142,0.333966209928426,0.496297129587704
"ENSG00000169136",629.987397488762,1421.91537267726,608.255034315815,334.492908255466,375.73039248909,324.83898237446,886.719268160613,345.020761039672,1.35891443232885,0.000295420135125364,0.038784286384337,"ATF5","19",49928702,49933935,"+",2954,"protein_coding","activating transcription factor 5 [Source:HGNC Symbol;Acc:HGNC:790]","TF_bZIP",632,749,637,476,419,377,3.8817058993884,8.62197201908254,3.67193046458687,2.08929473817494,2.32020627233478,2.02154230748145
"ENSG00000182013",1988.64692719949,882.764550460516,1375.01922985051,4136.89023298304,2979.83793374999,2936.47546931608,1415.47690250351,3351.06787868304,-1.24206501622097,0.000302991456145234,0.0391421629732443,"PNMA8A","19",46466491,46471563,"-",3696,"protein_coding","PNMA family member 8A [Source:HGNC Symbol;Acc:HGNC:25578]","-",1995,465,1440,5887,3323,3408,9.79325307955775,4.27815261081585,6.63431421174108,20.6521524389417,14.7069102884424,14.6056066112272
"ENSG00000124507",12.9586015306233,28.476275821307,27.691359490045,74.4879165442845,68.1515747712907,86.1641863062229,23.0420789473251,76.2678925405993,-1.74761500727779,0.00030528510916704,0.0391421629732443,"PACSIN1","6",34466061,34535231,"+",4807,"protein_coding","protein kinase C and casein kinase substrate in neurons 1 [Source:HGNC Symbol;Acc:HGNC:8570]","-",13,15,29,106,76,100,0.049066521511454,0.106109048293654,0.102728130052131,0.285913717213994,0.258620254454025,0.329517021557322
"ENSG00000148229",5003.01700632294,3523.46452828972,4031.47999196448,2452.47951641088,2110.90535541603,1479.43907887785,4185.98717552571,2014.27465023492,1.05544238216209,0.000307532353227876,0.0391421629732443,"POLE3","9",113407235,113410672,"-",2604,"protein_coding","DNA polymerase epsilon 3, accessory subunit [Source:HGNC Symbol;Acc:HGNC:13546]","-",5019,1856,4222,3490,2354,1717,34.9697281441865,24.2366323142328,27.6084964714766,17.377515951078,14.7872884008398,10.4443469660097
"ENSG00000132821",740.633918250237,943.513938879304,775.358065721259,1248.02396021367,1712.75668175218,2400.53423049137,819.835307616934,1787.10495748574,-1.12517898734968,0.000315703935926445,0.0395869350175027,"VSTM2L","20",37903104,37945350,"+",1959,"protein_coding","V-set and transmembrane domain containing 2 like [Source:HGNC Symbol;Acc:HGNC:16096]","-",743,497,812,1776,1910,2786,6.88129882973379,8.62694908927527,7.05808851071804,11.7547060776015,15.9485790658267,22.5267558286685
"ENSG00000152092",250.200691091265,96.8193377924437,225.350373781056,517.199118647107,392.768286181912,616.073932089493,190.790134221588,508.680445639504,-1.40501820914442,0.000327550611957982,0.0404728230600344,"ASTN1","1",176857302,177164973,"-",9201,"protein_coding","astrotactin 1 [Source:HGNC Symbol;Acc:HGNC:773]","-",251,51,236,736,438,715,0.494942481129103,0.188482237093992,0.436759619808567,1.03716065280505,0.778685601485389,1.23090060936596
"ENSG00000143476",6825.19574462904,5731.32511363505,5448.51369828264,3291.5226518248,2917.06674646064,1397.58310188693,6001.67818551558,2535.39083339079,1.24309857101653,0.000331298446572366,0.0406392761128769,"DTL","1",212035553,212107400,"+",4916,"protein_coding","denticleless E3 ubiquitin protein ligase homolog [Source:HGNC Symbol;Acc:HGNC:30288]","-",6847,3019,5706,4684,3253,1622,25.2699564795701,20.8826938317139,19.7644803410563,12.3540188867803,10.8241861776827,5.22625927440896
"ENSG00000137843",29.9044650706691,1.89841838808713,23.8718616293491,61.1363088618184,95.9502434280014,125.799712007085,18.5582483627018,94.2954214323017,-2.28504235294599,0.00034189135344857,0.0413395487941243,"PAK6","15",40238759,40277487,"+",6457,"protein_coding","p21 (RAC1) activated kinase 6 [Source:HGNC Symbol;Acc:HGNC:16061]","-",30,1,25,87,107,146,0.0842959110228229,0.00526628666715805,0.0659287329389375,0.174699521306914,0.271066629561906,0.358157495901197
"ENSG00000285804",265.152923626599,522.065056723961,284.552590621841,120.867185336009,180.242980645124,121.491502691774,357.256856990801,140.867222890969,1.33799827943827,0.000347497854801882,0.0417194587665692,"AC093218.1","5",72095855,72108000,"-",2641,"antisense","uncharacterized LOC105379028 [Source:NCBI gene;Acc:105379028]","-",266,275,298,172,201,141,1.82738171813936,3.5407851486959,1.92138046071704,0.844429300820155,1.24494659217631,0.845673432375132
"ENSG00000095209",309.012805730247,372.090004065078,243.492988619361,843.259432576805,694.966716417767,492.859145671595,308.198599471562,677.028431555389,-1.13975276535502,0.000369290173144087,0.0437156926642175,"TMEM38B","9",105694544,105776612,"+",4511,"protein_coding","transmembrane protein 38B [Source:HGNC Symbol;Acc:HGNC:25535]","-",310,196,255,1200,775,572,1.24682329281796,1.47746950785381,0.962571192991473,3.44914671134544,2.81029518909737,2.00851545232121
"ENSG00000277840",41.8662510989367,62.6478068068753,38.1949786069586,5.62172955051204,12.5542374578693,14.6479116720579,47.5696788375902,10.9412928934798,2.12100664987415,0.000373968040439918,0.0439546825086654,"AC026368.1","12",117002463,117003152,"+",690,"sense_intronic","novel transcript, sense intronic to FBXW8","-",42,33,40,8,14,17,1.10437416878857,1.62629801351406,0.987134674983697,0.150329476472263,0.331895993215998,0.390257992531055
"ENSG00000269954",760.57022829735,1144.74628801654,752.441078557084,208.003993368945,386.491167452978,479.934517725661,885.919198290325,358.143226182528,1.30608532800847,0.000376502183586749,0.0439546825086654,"AC022239.1","8",11552488,11564694,"-",2594,"antisense","novel transcript, antisense to BLK","-",763,603,788,296,431,557,5.33667317107354,7.90464959326648,5.17275313687486,1.47953413043056,2.71788053261663,3.4012393820459
"ENSG00000105649",502.39501318724,768.859447175288,726.659467997387,1030.18194013133,1465.25885758275,2166.16764373844,665.971309453305,1553.86948048417,-1.22327505815874,0.000381805533882005,0.044268521079141,"RAB3A","19",18196784,18204074,"-",1818,"protein_coding","RAB3A, member RAS oncogene family [Source:HGNC Symbol;Acc:HGNC:9777]","-",504,405,761,1466,1634,2514,5.02982294695785,7.57524052199396,7.1278127954784,10.4554647023345,14.7021631506879,21.903996936644
"ENSG00000070182",181.420421428726,47.4604597021783,110.76543796018,363.30427220184,299.508236494883,344.656745224891,113.215439697028,335.823084640538,-1.55379046819721,0.00038800244845131,0.0446809894379849,"SPTB","14",64746283,64879907,"-",14796,"protein_coding","spectrin beta, erythrocytic [Source:HGNC Symbol;Acc:HGNC:11274]","-",182,25,116,517,334,400,0.223173747274792,0.0574554153315753,0.133499356896619,0.45305347849039,0.36925400009925,0.428220687382007
"ENSG00000182512",2261.77437484494,3747.477898084,2988.75707599451,1269.10544602809,1744.14227539685,1401.02966933918,2999.33644964115,1471.42579692137,1.02698493672503,0.000394274993819014,0.045096534428164,"GLRX5","14",95533503,95544724,"+",2845,"protein_coding","glutaredoxin 5 [Source:HGNC Symbol;Acc:HGNC:20134]","-",2269,1974,3130,1806,1945,1626,14.4699911490257,23.5939231217656,18.7338730892996,8.23073698642998,11.1830534194208,9.0529525925833
"ENSG00000171368",175.439528414592,98.7177561805308,197.659014291011,427.954162032729,297.714774000902,399.801824460874,157.272099628711,375.156920164835,-1.24351675144386,0.000401716755543496,0.0456393371667135,"TPPP","5",659862,693395,"-",6022,"protein_coding","tubulin polymerization promoting protein [Source:HGNC Symbol;Acc:HGNC:24164]","-",176,52,207,609,332,464,0.53025888827349,0.293628275740893,0.585322341530726,1.31123275714899,0.901821109810704,1.22047589122963
"ENSG00000143061",4380.00731735066,1590.87460921702,2264.96223139264,9960.2993311197,6035.89802349418,5968.59318543206,2745.28138598677,7321.59684668198,-1.41467824275282,0.000405409370337044,0.0457517988071032,"IGSF3","1",116574399,116667755,"-",7400,"protein_coding","immunoglobulin superfamily member 3 [Source:HGNC Symbol;Acc:HGNC:5950]","-",4394,838,2372,14174,6731,6927,10.7731913364972,3.85077001381696,5.45818776977134,24.8349881700562,14.8789037831318,14.827415014636
"ENSG00000065615",1565.00033869835,856.186693027296,1382.6582255719,3555.74394069886,2295.63199229611,2529.7805099507,1267.94841909918,2793.71881431522,-1.13831564998231,0.000408638416753008,0.0458108021112246,"CYB5R4","6",83859643,83967424,"+",9635,"protein_coding","cytochrome b5 reductase 4 [Source:HGNC Symbol;Acc:HGNC:20147]","-",1570,451,1448,5060,2560,2936,2.95640531062016,1.59169592812015,2.5590710858062,6.80929338551194,4.34621604579093,4.82676669977174
"ENSG00000172340",1637.76787037031,1108.67633864288,1458.09330832064,831.313257281967,689.586328935823,532.494671372457,1401.51250577795,684.464752530083,1.03460177179652,0.000421385061982346,0.0469289890081392,"SUCLG2","3",67360460,67654614,"-",3090,"protein_coding","succinate-CoA ligase GDP-forming beta subunit [Source:HGNC Symbol;Acc:HGNC:11450]","-",1643,584,1527,1183,769,618,9.64706321413577,6.42672401221563,8.41484391264622,4.96397418123036,4.0709045991757,3.16797664525209
"ENSG00000124171",192.385391954638,132.889287166099,173.787152661661,344.330934968862,400.838867404828,301.57465207178,166.353943927466,348.91481814849,-1.06095207630574,0.00042826088136183,0.04731284889915,"PARD6B","20",50731544,50756795,"+",4726,"protein_coding","par-6 family cell polarity regulator beta [Source:HGNC Symbol;Acc:HGNC:16245]","-",193,70,182,490,447,350,0.740934184035498,0.503662486392037,0.655757366083647,1.3443291365656,1.54716584831042,1.17307641328632
"ENSG00000108231",50.8375906201374,83.5304090758338,89.7581997263526,181.300778004013,139.890074530544,292.096591578096,74.7087331407746,204.429148037551,-1.45677078299254,0.00043829318561274,0.0475604297823876,"LGI1","10",93757809,93806272,"+",11108,"protein_coding","leucine rich glioma inactivated 1 [Source:HGNC Symbol;Acc:HGNC:6572]","-",51,44,94,258,156,339,0.0833010250005784,0.134695190172213,0.144097846190679,0.301152923586518,0.229726868085871,0.483410192086991
"ENSG00000148344",168.461819898102,144.279797494622,154.689663358182,257.194126935926,336.2742176215,384.292270925754,155.810426916969,325.92020516106,-1.06102599127075,0.000443984274090094,0.0478711196929752,"PTGES","9",129738331,129753047,"-",1896,"protein_coding","prostaglandin E synthase [Source:HGNC Symbol;Acc:HGNC:9599]","-",169,76,162,366,375,446,1.61720252941575,1.36304609111171,1.45493030023309,2.50291442433448,3.23531073857141,3.7260484804389
"ENSG00000196313",4152.73338281358,5961.03373859359,2696.56548965127,1989.38954468745,2136.91056157876,1473.40758583641,4270.11087035282,1866.56923070087,1.19336313408441,0.00044766430321195,0.0479624134479233,"POM121","7",72879365,72951440,"+",9822,"protein_coding","POM121 transmembrane nucleoporin [Source:HGNC Symbol;Acc:HGNC:19702]","-",4166,3140,2824,2831,2383,1710,7.69547401641965,10.8708874822741,4.89587442039868,3.73717287780181,3.96869000178367,2.75770722021028
"ENSG00000182580",312.003252237314,360.699493736555,211.98213126862,522.118132003805,662.684391526103,672.942295051601,294.89495908083,619.248272860503,-1.07496948244197,0.000453185488816434,0.0482485783313496,"EPHB3","3",184561784,184582409,"+",4532,"protein_coding","EPH receptor B3 [Source:HGNC Symbol;Acc:HGNC:3394]","-",313,190,222,743,739,781,1.25305598933125,1.42560425239839,0.834120087786864,2.12570092406871,2.66733523358923,2.7296886142342
